id,Tg,FFV,Tc,Density,Rg
1109053969,20.740448,0.349173,0.13021222,0.98285306,23.857994
1422188626,11.4314575,0.3570146,0.13770051,1.2598428,20.277166
2032016830,-62.542847,0.33153808,0.27190304,0.9859004,15.114414
